{"stats":{"minecraft:custom":{"minecraft:jump":26,"minecraft:time_since_rest":3676,"minecraft:leave_game":1,"minecraft:deaths":1,"minecraft:sprint_one_cm":2501,"minecraft:play_time":6320,"minecraft:damage_taken":225,"minecraft:time_since_death":415,"minecraft:walk_one_cm":1982,"minecraft:sneak_time":6,"minecraft:total_world_time":6320,"minecraft:fall_one_cm":209,"minecraft:fly_one_cm":3156},"minecraft:mined":{"minecraft:birch_leaves":1},"minecraft:killed_by":{"minecraft:zombie":1}},"DataVersion":3465}