{
  "minecraft:recipes/decorations/crafting_table": {
    "criteria": {
      "unlock_right_away": "2024-05-21 22:21:25 +0000"
    },
    "done": true
  },
  "minecraft:adventure/root": {
    "criteria": {
      "killed_by_something": "2024-05-21 22:23:36 +0000"
    },
    "done": true
  },
  "minecraft:adventure/adventuring_time": {
    "criteria": {
      "minecraft:windswept_forest": "2024-05-21 22:21:39 +0000",
      "minecraft:old_growth_birch_forest": "2024-05-21 22:21:27 +0000"
    },
    "done": false
  },
  "DataVersion": 3465
}